goodsname,goodsprice
푸르밀)웰치사과에이드250ML,1500
푸르밀)웰치포도에이드250ML,1500
하겐)녹차파인트,15900
하겐)딸기파인트,15900
하겐)레드벨벳치즈케이크파인트,15900
하겐)마카다미아파인트,15900
하겐)바닐라라즈베리파인트,15900
하겐)바닐라밀크티파인트,15900
하겐)바닐라파인트,15900
하겐)벨지안초콜릿&헤이즐넛파인,15900
하겐)쵸코렛파인트,15900
하겐)쿠키앤크림파인트,15900
하겐)트위스트초코딸기파인트,15900
하겐)트위스트초코바닐라파인트,15900
오뚜기)육개장(소컵),1000
그대로쫀득고구마스틱(20G),1500
더스윗)틱톡젤리딸기3000,3000
더스윗)틱톡젤리포도3000,3000
피니)라즈앤드블랙베리85G,1800
피니)젤리빈90G,1800
피니)젤리웜즈100G,1800
피니)콜라보틀젤리100G,1800
피니)크로커다일젤리100G,1800
피니)피지웜즈100G,1800
피니)해피믹스90G,1800
피니)해피사우워믹스90G,1800
마즈)스니커즈미니20G,600
거산)당근꿀맛고구마60G(봉),3900
거산)찰진꿀맛고구마60G(봉),3900
거산)호박꿀맛고구마60G(봉),3900
거산)꿀머군고구마(120G/봉),2800
돌)건망고(80G/봉),4500
돌)감귤컵198G,2900
돌)망고컵198G,2900
돌)복숭아컵198G,2900
돌)파인애플컵198G,2900
TDF)조카스타웨이퍼롤메이플400G,5900
TDF)조카스타웨이퍼롤애플파이,5900
흥선)임실치즈갈릭크래커60G,1500
유어스(P)슈퍼말차워터500ML,2000
웅진)꿀홍삼PET280ML,1600
웅진)내사랑유자CPET280ML,1600
웅진)꿀먹은헛개180ML병,1400
웅진)꿀홍삼180ML병,1400
동아)데자와밀크티캔240ML,1500
썬키스트)모과생강280ML,1800
해태)썬키스트허니유자280ML,1800
조지아)맥스커피240ML,1200
조지아)카페라떼240ML,1200
팜트리)궁중발효홍삼100ML,2200
칸타타)아메리카노275ML(NB캔),2200
칸타타)콜드브루블랙275ML(NB캔),2200
칸타타)프리미엄라떼275ML(NB캔),2200
레쓰비)카페타임라떼240ML,1200
레쓰비)카페타임헤이즐넛240ML,1200
흥선)떡볶이스낵김치컵라면맛,1500
흥선)빼바프로틴레드27G,1500
오징어물회330G(냉동),8900
납딱한오다리25G,3800
대구노가리30G,3800
도톰한오징어25G,3800
켈로그)베리앤넛에너지바1400,1400
켈로그)첵스초코오리지널,1200
켈)프로틴그래놀라바고소한맛35G,1800
켈)프로틴그래놀라바사과맛30G,1800
프링글스)매콤한맛(대),3700
프링글스)양파맛(대),3700
프링글스)오리지날(대),3700
프링글스)치즈맛(대),3700
프링글스슈퍼핫갈릭새우맛110G,3700
Y(P)다운타우너치폴레소세지80G,2300
Y(P)다운타우너트러플소세지80G,2300
쫄깃한한입문어70G(냉장),5500
맥널티)스테비아커피믹스원컵,1500
맥널티)스테비아제로슈가핫초코,1800
팔도)비빔장스틱형(10입),7000
허쉬)머쉬멜로핫초코원컵30G,1800
허쉬)민트핫초코원컵30G,1800
티젠)핫콤부차(진저레몬)10입,7500
머거본)볶음땅콩100G,3000
